<?xml version="1.0" encoding="UTF-8"?>
<beans xmlns="http://www.springframework.org/schema/beans"
  xmlns:xsi="http://www.w3.org/2001/XMLSchema-instance" xmlns:mvc="http://www.springframework.org/schema/mvc"
  xmlns:context="http://www.springframework.org/schema/context"
  xsi:schemaLocation="
        http://www.springframework.org/schema/mvc http://www.springframework.org/schema/mvc/spring-mvc-3.0.xsd
        http://www.springframework.org/schema/beans http://www.springframework.org/schema/beans/spring-beans-3.0.xsd
        http://www.springframework.org/schema/context http://www.springframework.org/schema/context/spring-context-3.0.xsd">
 
  <context:component-scan base-package="com.javapapers.spring.mvc" />
  <mvc:annotation-driven />
 
     <bean class="org.springframework.web.servlet.view.XmlViewResolver">
	   <property name="location">
	       <value>/WEB-INF/spring-excel-views.xml</value>
	   </property>
	   <property name="order" value="0" />
	</bean>
	
  <bean
    class="org.springframework.web.servlet.view.InternalResourceViewResolver">
    <property name="prefix" value="/view/" />
    <property name="suffix" value=".jsp" />
    <property name="order" value="1" />
  </bean>
 
</beans>