<?xml version="1.0" encoding="UTF-8"?>
<beans xmlns="http://www.springframework.org/schema/beans"
	xmlns:xsi="http://www.w3.org/2001/XMLSchema-instance"
	xmlns:context="http://www.springframework.org/schema/context"
	xsi:schemaLocation="http://www.springframework.org/schema/beans http://www.springframework.org/schema/beans/spring-beans-3.1.xsd
		http://www.springframework.org/schema/context http://www.springframework.org/schema/context/spring-context-3.1.xsd">


<bean id="collDemo" class="com.flp.cap.CollectionDemo">
<property name="studName">


<list>
<value>Tom</value>
<value>Jerry</value>
<value>John</value>

</list>

</property>


<property name="maps">
<map>
<entry key="1" value="One"></entry>
<entry key="2" value="two"></entry>


</map>

</property>

</bean>

</beans>
